Date,AMZN,BJ,COST,DG,DLTR,HD,KR,LOW,SFM,TGT,WMT,^GSPC,^IXIC
2025-04-07,175.25999450683594,114.52999877929688,903.18017578125,90.03524017333984,72.83999633789062,333.0904846191406,65.1292953491211,212.65426635742188,147.2899932861328,90.24518585205078,83.09268188476562,5062.25,15603.259765625
2025-04-08,170.66000366210938,111.98999786376953,903.7968139648438,86.36215209960938,69.69999694824219,326.9750061035156,65.04109191894531,207.5079803466797,144.6300048828125,84.87140655517578,81.07062530517578,4982.77001953125,15267.91015625
2025-04-09,191.10000610351562,113.0999984741211,959.9291381835938,84.70777893066406,72.56999969482422,346.6282653808594,64.51190185546875,218.7905731201172,153.66000366210938,93.4101791381836,88.81192779541016,5456.89990234375,17124.970703125
2025-04-10,181.22000122070312,117.30000305175781,959.0538940429688,85.80084228515625,71.73999786376953,344.9018859863281,66.54045867919922,216.83009338378906,153.9199981689453,88.64835357666016,89.81304168701172,5268.0498046875,16387.310546875
2025-04-11,184.8699951171875,117.36000061035156,958.1588134765625,87.68170928955078,72.11000061035156,345.1359558105469,66.85404968261719,215.9969024658203,157.27000427246094,88.71528625488281,91.98377990722656,5363.35986328125,16724.4609375
2025-04-14,182.1199951171875,119.94000244140625,973.982177734375,88.93232727050781,73.70999908447266,348.3936462402344,67.69683837890625,219.71202087402344,160.27000427246094,90.50337219238281,93.89680480957031,5405.97021484375,16831.48046875
2025-04-15,179.58999633789062,118.76000213623047,971.5951538085938,87.08101654052734,71.80000305175781,345.3797912597656,66.7756576538086,216.15371704101562,160.19000244140625,88.04595947265625,93.14349365234375,5396.6298828125,16823.169921875
2025-04-16,174.3300018310547,115.83000183105469,962.4752197265625,87.996826171875,73.20999908447266,337.4599609375,67.62823486328125,210.1742401123047,159.44000244140625,86.49693298339844,90.38794708251953,5275.7001953125,16307.16015625
2025-04-17,172.61000061035156,118.44999694824219,989.0794677734375,91.65023040771484,79.13999938964844,346.3063659667969,69.79398345947266,214.67355346679688,160.14999389648438,89.03083038330078,92.40009307861328,5282.7001953125,16286.4501953125
2025-04-21,167.32000732421875,114.0199966430664,952.5496215820312,94.1514892578125,79.6500015258789,338.3475646972656,70.8621597290039,208.56663513183594,158.52999877929688,89.67147827148438,91.59722137451172,5158.2001953125,15870.900390625
2025-04-22,173.17999267578125,115.05999755859375,973.8926391601562,95.31348419189453,82.16000366210938,345.69189453125,71.51874542236328,214.74217224121094,163.3000030517578,89.97746276855469,94.0157470703125,5287.759765625,16300.419921875
2025-04-23,180.60000610351562,114.02999877929688,970.5211181640625,93.97423553466797,83.43000030517578,347.63287353515625,70.55836486816406,214.58448791503906,164.6699981689453,88.11288452148438,94.1247787475586,5375.85986328125,16708.05078125
2025-04-24,186.5399932861328,112.45999908447266,970.1630249023438,92.37894439697266,81.2300033569336,350.7734680175781,69.92137908935547,218.81195068359375,166.67999267578125,91.13444519042969,94.99703979492188,5484.77001953125,17166.0390625
2025-04-25,188.99000549316406,111.98999786376953,971.8338623046875,92.13275146484375,80.56999969482422,348.7642517089844,68.59840393066406,217.68856811523438,168.02999877929688,92.34881591796875,94.25364685058594,5525.2099609375,17382.939453125
2025-04-28,187.6999969482422,115.04000091552734,973.2063598632812,91.0495376586914,80.16999816894531,348.12054443359375,68.96100616455078,217.925048828125,169.75999450683594,92.14801788330078,94.38249969482422,5528.75,17366.130859375
2025-04-29,187.38999938964844,116.45999908447266,986.2946166992188,91.90626525878906,80.88999938964844,350.14923095703125,69.9507827758789,220.01416015625,172.3000030517578,92.66436004638672,95.1952896118164,5560.830078125,17461.3203125
2025-04-30,184.4199981689453,117.55999755859375,989.0794677734375,92.26078033447266,81.7699966430664,351.6025085449219,70.76416015625,220.29991149902344,171.0,92.46355438232422,96.39464569091797,5569.06005859375,17446.33984375
2025-05-01,190.1999969482422,117.26000213623047,993.5946655273438,89.1686782836914,81.2699966430664,349.46649169921875,70.73477172851562,219.07801818847656,171.66000366210938,91.76554107666016,96.5532455444336,5604.14013671875,17710.740234375
2025-05-02,189.97999572753906,117.38999938964844,1004.1107788085938,88.92249298095703,84.29000091552734,355.53314208984375,70.57795715332031,223.87698364257812,173.92999267578125,93.10420989990234,97.88145446777344,5686.669921875,17977.73046875
2025-05-05,186.35000610351562,119.44000244140625,1010.67333984375,90.8033447265625,83.94999694824219,352.81195068359375,71.42073822021484,221.90615844726562,172.7100067138672,89.90096282958984,98.45635223388672,5650.3798828125,17844.240234375
2025-05-06,185.00999450683594,119.83000183105469,1006.3016357421875,92.23123931884766,83.79000091552734,350.5198974609375,71.50894927978516,219.7579345703125,169.4499969482422,89.54718017578125,97.68321990966797,5606.91015625,17689.66015625
2025-05-07,188.7100067138672,119.37999725341797,1002.965576171875,91.47297668457031,84.44000244140625,353.8067932128906,70.93075561523438,220.25064086914062,167.69000244140625,91.30655670166016,97.96075439453125,5631.27978515625,17738.16015625
2025-05-08,192.0800018310547,114.7300033569336,1003.523193359375,90.5670166015625,85.37999725341797,355.8647766113281,70.3721694946289,221.2064971923828,158.17999267578125,92.6834716796875,96.57305908203125,5663.93994140625,17928.140625
2025-05-09,193.05999755859375,114.62999725341797,1003.9017333984375,90.26174926757812,85.47000122070312,353.7677917480469,70.43096923828125,219.0188751220703,161.77000427246094,92.17670440673828,96.1010971069336,5659.91015625,17928.919921875
2025-05-12,208.63999938964844,111.70999908447266,1011.9281616210938,88.12484741210938,89.0,367.30560302734375,67.65763092041016,229.38546752929688,156.99000549316406,96.65167236328125,96.13090515136719,5844.18994140625,18708.33984375
2025-05-13,211.3699951171875,107.8499984741211,994.8793334960938,85.52511596679688,85.70999908447266,364.3892822265625,66.138671875,227.40480041503906,158.47000122070312,94.74883270263672,95.26646423339844,5886.5498046875,19010.08984375
2025-05-14,210.25,108.43000030517578,987.4203491210938,86.36215209960938,86.05999755859375,363.6188049316406,65.0116958618164,225.177734375,158.47999572753906,92.12794494628906,96.21039581298828,5892.580078125,19146.810546875
2025-05-15,205.1699981689453,111.38999938964844,1006.2717895507812,91.57144927978516,86.58000183105469,369.2952880859375,66.56755828857422,229.06027221679688,161.27999877929688,93.8784408569336,95.73346710205078,5916.93017578125,19112.3203125
2025-05-16,205.58999633789062,116.37999725341797,1021.56787109375,92.12291717529297,86.51000213623047,371.392333984375,67.79847717285156,230.81431579589844,168.67999267578125,95.33878326416016,97.61137390136719,5958.3798828125,19211.099609375
2025-05-19,206.16000366210938,118.31999969482422,1030.04248046875,96.68228149414062,86.61000061035156,370.02679443359375,67.90679168701172,231.0113983154297,168.92999267578125,94.76818084716797,97.49214172363281,5963.60009765625,19215.4609375
2025-05-20,204.07000732421875,119.08000183105469,1032.51220703125,100.64095306396484,90.62000274658203,367.7542724609375,68.43854522705078,227.87777709960938,168.02000427246094,94.89391326904297,97.1741943359375,5940.4599609375,19142.7109375
2025-05-21,201.1199951171875,117.5,1021.0402221679688,99.24262237548828,88.91999816894531,361.69732666015625,67.84770965576172,224.0543670654297,164.67999267578125,89.9519271850586,95.81295013427734,5844.60986328125,18872.640625
2025-05-22,203.10000610351562,115.97000122070312,1013.89990234375,99.1047592163086,89.97000122070312,357.10345458984375,66.91221618652344,220.48715209960938,161.77000427246094,91.93452453613281,95.31615447998047,5842.009765625,18925.740234375
2025-05-23,200.99000549316406,116.4800033569336,1004.3098754882812,99.84331512451172,88.16999816894531,353.7677917480469,67.54244232177734,217.8462371826172,163.42999267578125,91.1898422241211,95.72352600097656,5802.81982421875,18737.2109375
2025-05-27,206.02000427246094,114.94999694824219,1013.561279296875,99.4395751953125,90.36000061035156,361.2681884765625,66.79405975341797,222.51710510253906,164.3000030517578,93.80106353759766,96.95559692382812,5921.5400390625,19199.16015625
2025-05-28,204.72000122070312,112.02999877929688,1008.9306640625,96.27853393554688,89.33999633789062,358.98590087890625,66.65618896484375,221.24594116210938,169.27000427246094,92.78559875488281,96.61776733398438,5888.5498046875,19100.939453125
2025-05-29,205.6999969482422,111.04000091552734,1004.5489501953125,95.58921813964844,90.58000183105469,359.2102355957031,65.927490234375,221.6499481201172,167.42999267578125,91.75077056884766,96.4786605834961,5912.169921875,19175.869140625
2025-05-30,205.00999450683594,113.20999908447266,1035.8582763671875,95.76647186279297,90.26000213623047,359.2102355957031,67.18793487548828,222.43826293945312,172.86000061035156,90.9190444946289,98.08830261230469,5911.68994140625,19113.76953125
2025-06-02,206.64999389648438,111.69999694824219,1052.458984375,95.68768310546875,91.23999786376953,358.8883361816406,67.15839385986328,222.23133850097656,179.52999877929688,90.2517318725586,99.13157653808594,5935.93994140625,19242.609375
2025-06-03,205.7100067138672,111.80000305175781,1051.2041015625,110.85276794433594,96.72000122070312,363.8821105957031,66.05551147460938,225.4635009765625,175.2100067138672,92.63085174560547,99.34024047851562,5970.3701171875,19398.9609375
2025-06-04,207.22999572753906,111.27999877929688,1047.3204345703125,110.0649642944336,88.62000274658203,363.2188720703125,65.3268051147461,225.05947875976562,171.13999938964844,90.85134887695312,98.71426391601562,5970.81005859375,19460.490234375
2025-06-05,207.91000366210938,109.05999755859375,1006.6103515625,112.10338592529297,96.66999816894531,362.41412353515625,65.22832489013672,224.27114868164062,168.1199951171875,90.44515228271484,97.33316040039062,5939.2998046875,19298.44921875
2025-06-06,213.57000732421875,111.11000061035156,1010.72314453125,111.74888610839844,94.5,360.5003967285156,65.13970947265625,221.9849853515625,169.1699981689453,94.1202163696289,96.84629821777344,6000.35986328125,19529.94921875
2025-06-09,216.97999572753906,110.08999633789062,1001.9995727539062,111.58147430419922,93.8499984741211,358.4100036621094,64.48979187011719,220.3491973876953,165.74000549316406,94.14923095703125,96.82643127441406,6005.8798828125,19591.240234375
2025-06-10,217.61000061035156,109.2300033569336,1003.0850219726562,109.54305267333984,93.12000274658203,361.06964111328125,64.43070983886719,221.6105194091797,161.8800048828125,97.45677947998047,96.69725799560547,6038.81005859375,19714.990234375
2025-06-11,213.1999969482422,108.72000122070312,992.638671875,109.74984741210938,94.20999908447266,353.75811767578125,63.633079528808594,218.36849975585938,159.89999389648438,94.88423919677734,95.18699645996094,6022.240234375,19615.880859375
2025-06-12,213.24000549316406,109.66000366210938,998.5440673828125,110.1338882446289,96.08999633789062,356.4079284667969,64.06635284423828,220.2407989501953,157.0399932861328,96.02544403076172,94.22319030761719,6045.259765625,19662.490234375
2025-06-13,212.10000610351562,110.62000274658203,986.095947265625,109.9763412475586,95.19000244140625,348.06597900390625,64.55872344970703,214.10165405273438,157.9199981689453,92.23432922363281,93.835693359375,5976.97021484375,19406.830078125
2025-06-16,216.10000610351562,108.9000015258789,980.270263671875,111.89659118652344,99.0,346.98638916015625,65.0018539428711,212.9290008544922,160.5500030517578,94.1685791015625,93.6866455078125,6033.10986328125,19701.2109375
2025-06-17,214.82000732421875,109.5,973.6578369140625,111.59132385253906,98.3499984741211,342.2952880859375,64.94275665283203,208.8296661376953,161.2100067138672,91.89583587646484,93.64690399169922,5982.72021484375,19521.08984375
2025-06-18,212.52000427246094,108.27999877929688,970.8495483398438,110.59673309326172,97.52999877929688,340.57781982421875,64.51932525634766,207.7555694580078,161.86000061035156,91.9925537109375,94.48152923583984,5980.8701171875,19546.26953125
2025-06-20,209.69000244140625,110.37999725341797,976.2171020507812,109.8089370727539,98.70999908447266,343.1196594238281,70.8708267211914,209.64756774902344,165.9600067138672,92.39874267578125,95.50494384765625,5967.83984375,19447.41015625
2025-06-23,208.47000122070312,114.80999755859375,1000.3065795898438,113.19644927978516,100.51000213623047,350.32318115234375,72.86981964111328,215.3826904296875,173.2899932861328,93.35618591308594,97.24374389648438,6025.169921875,19630.970703125
2025-06-24,212.77000427246094,114.08999633789062,997.7572021484375,111.58147430419922,98.68000030517578,353.7188720703125,72.29866790771484,216.77212524414062,166.47000122070312,94.32331085205078,97.37290954589844,6092.18017578125,19912.529296875
2025-06-25,211.99000549316406,113.75,982.441162109375,111.0497055053711,99.44999694824219,355.1321105957031,71.11701202392578,217.48162841796875,164.6199951171875,93.52059936523438,96.63764953613281,6092.16015625,19973.55078125
2025-06-26,217.1199951171875,113.48999786376953,978.8262329101562,110.91184997558594,99.44000244140625,356.7416076660156,70.19136047363281,218.00390625,160.44000244140625,94.39100646972656,95.40557098388672,6141.02001953125,20167.91015625
2025-06-27,223.3000030517578,114.25,981.0469970703125,112.70408630371094,98.69999694824219,361.8841857910156,70.3292236328125,220.36891174316406,162.1300048828125,95.96742248535156,96.64756774902344,6173.06982421875,20273.4609375
2025-06-30,219.38999938964844,107.83000183105469,985.8270263671875,112.63514709472656,99.04000091552734,359.8232421875,70.63449096679688,218.6345672607422,164.63999938964844,95.40648651123047,97.15431213378906,6204.9501953125,20369.73046875
2025-07-01,220.4600067138672,107.04000091552734,981.8635864257812,113.54112243652344,101.5,366.22198486328125,70.26029205322266,225.3058319091797,162.10000610351562,100.43551635742188,97.61137390136719,6198.009765625,20202.890625
2025-07-02,219.9199981689453,109.13999938964844,978.2785034179688,113.69867706298828,103.01000213623047,364.9363708496094,69.15740203857422,223.63063049316406,159.89999389648438,101.98291015625,96.98540496826172,6227.419921875,20393.130859375
2025-07-03,223.41000366210938,109.44000244140625,982.919189453125,112.36927032470703,101.91000366210938,364.7695007324219,68.76350402832031,224.98065185546875,162.2899932861328,100.63860321044922,97.73060607910156,6279.35009765625,20601.099609375
2025-07-07,223.47000122070312,110.48999786376953,988.0576782226562,114.52586364746094,104.2300033569336,360.80462646484375,70.3587646484375,221.70907592773438,164.19000244140625,98.2594985961914,98.71426391601562,6229.97998046875,20412.51953125
2025-07-08,219.36000061035156,107.63999938964844,981.744140625,111.5367660522461,104.38999938964844,360.667236328125,68.67488098144531,220.40830993652344,158.8800048828125,98.65601348876953,96.4687271118164,6225.52001953125,20418.4609375
2025-07-09,222.5399932861328,107.52999877929688,978.0097045898438,111.20024108886719,104.75,364.1414489746094,69.18693542480469,222.28060913085938,159.75,99.06220245361328,96.19052124023438,6263.259765625,20611.33984375
2025-07-10,222.25999450683594,106.69999694824219,966.13916015625,111.11116790771484,108.37000274658203,366.3594055175781,69.63006591796875,224.5865020751953,158.72000122070312,101.29625701904297,94.25299835205078,6280.4599609375,20630.66015625
2025-07-11,225.02000427246094,106.51000213623047,966.2985229492188,111.98216247558594,109.36000061035156,363.1894836425781,69.5020523071289,220.86160278320312,159.6999969482422,100.81269073486328,93.79594421386719,6259.75,20585.529296875
2025-07-14,225.69000244140625,107.44000244140625,976.8345336914062,113.21937561035156,108.62999725341797,363.22869873046875,71.16622924804688,219.15682983398438,164.5399932861328,101.42198181152344,95.1671142578125,6268.56005859375,20640.330078125
2025-07-15,226.35000610351562,105.41000366210938,963.6595458984375,112.06134796142578,106.55000305175781,351.97198486328125,70.78219604492188,211.8745880126953,164.64999389648438,98.84943389892578,94.77960205078125,6243.759765625,20677.80078125
2025-07-16,223.19000244140625,104.01000213623047,947.4172973632812,111.41799926757812,106.62000274658203,350.7550354003906,70.8117446899414,213.44143676757812,167.27000427246094,98.0080337524414,94.54114532470703,6263.7001953125,20730.490234375
2025-07-17,223.8800048828125,105.18000030517578,949.9467163085938,108.1121826171875,108.1500015258789,352.3645324707031,71.11701202392578,215.39254760742188,169.61000061035156,100.2420883178711,94.48152923583984,6297.35986328125,20885.650390625
2025-07-18,226.1300048828125,104.70999908447266,946.9990234375,108.96337127685547,110.12000274658203,352.7178649902344,70.2996826171875,215.96409606933594,165.64999389648438,100.05834197998047,94.44178771972656,6296.7900390625,20895.650390625
2025-07-21,229.3000030517578,104.72000122070312,943.6231689453125,106.49884796142578,112.30999755859375,357.2715759277344,70.92005157470703,217.68856811523438,166.2100067138672,98.36587524414062,95.05781555175781,6305.60009765625,20974.1796875
2025-07-22,227.47000122070312,104.66000366210938,937.6978149414062,108.70603942871094,114.7699966430664,364.11199951171875,71.50104522705078,223.52223205566406,164.47999572753906,103.03707122802734,95.23666381835938,6309.6201171875,20892.689453125
2025-07-23,228.2899932861328,104.69999694824219,937.2796020507812,108.1220703125,114.91999816894531,369.3526611328125,71.76691436767578,226.47439575195312,163.33999633789062,103.8978042602539,95.0677490234375,6358.91015625,21020.01953125
2025-07-24,232.22999572753906,103.55000305175781,929.9203491210938,106.6473159790039,114.20999908447266,366.1532897949219,71.2745590209961,223.45289611816406,164.39999389648438,102.34074401855469,95.98186492919922,6363.35009765625,21057.9609375
2025-07-25,231.44000244140625,104.19999694824219,931.59326171875,106.45926666259766,114.41000366210938,368.3614807128906,70.36861419677734,224.6813201904297,161.07000732421875,102.56317901611328,96.84629821777344,6388.64013671875,21108.3203125
2025-07-28,232.7899932861328,103.86000061035156,930.1094360351562,104.7271728515625,115.43000030517578,370.2163391113281,68.26129150390625,227.84152221679688,159.60000610351562,102.9306869506836,96.98540496826172,6389.77001953125,21178.580078125
2025-07-29,231.00999450683594,105.02999877929688,930.6870727539062,105.75653076171875,114.98999786376953,370.3243103027344,68.2416000366211,227.8910369873047,156.94000244140625,100.75466918945312,97.70079803466797,6370.85986328125,21098.2890625
2025-07-30,230.19000244140625,105.19000244140625,923.6564331054688,104.4599380493164,114.1500015258789,365.1620788574219,68.2416000366211,225.305419921875,158.05999755859375,99.74885559082031,96.96552276611328,6362.89990234375,21129.669921875
2025-07-31,234.11000061035156,105.9000015258789,935.7360229492188,103.82648468017578,113.55000305175781,360.67706298828125,69.02938079833984,221.4814910888672,151.5399932861328,97.1956558227539,97.35304260253906,6339.39013671875,21122.44921875
2025-08-01,214.75,109.9800033569336,949.876708984375,107.41934204101562,114.72000122070312,366.7127380371094,70.2701416015625,224.28504943847656,154.0800018310547,96.48966217041016,97.85977172851562,6238.009765625,20650.130859375
2025-08-04,211.64999389648438,107.79000091552734,952.71875,109.80467224121094,115.72000122070312,373.73956298828125,70.49662017822266,231.62582397460938,153.80999755859375,96.5090103149414,98.95272827148438,6329.93994140625,21053.580078125
2025-08-05,213.75,106.55999755859375,941.0112915039062,109.72549438476562,115.66000366210938,378.2442321777344,70.65418243408203,235.24172973632812,149.24000549316406,99.06220245361328,98.67453002929688,6299.18994140625,20916.55078125
2025-08-06,222.30999755859375,108.66999816894531,965.8721313476562,112.16032409667969,116.37000274658203,379.6083984375,72.60394287109375,236.06396484375,150.75,101.92488098144531,102.6986083984375,6345.06005859375,21169.419921875
2025-08-07,223.1300048828125,108.55000305175781,974.7374267578125,114.4466781616211,117.16000366210938,378.9901428222656,72.63348388671875,236.33145141601562,151.2899932861328,102.19567108154297,102.46014404296875,6340.0,21242.69921875
2025-08-08,222.69000244140625,108.12000274658203,978.2576904296875,115.12962341308594,116.12000274658203,380.6388854980469,73.10614776611328,238.89724731445312,148.99000549316406,101.93455505371094,103.06623840332031,6389.4501953125,21450.01953125
2025-08-11,221.3000030517578,107.44000244140625,985.99609375,113.37773132324219,114.29000091552734,380.3248291015625,73.21446990966797,237.60940551757812,148.74000549316406,100.59026336669922,103.26496124267578,6373.4501953125,21385.400390625
2025-08-12,221.47000122070312,107.88999938964844,988.4991455078125,114.01118469238281,114.05999755859375,388.6373596191406,72.42668914794922,242.58250427246094,147.8300018310547,102.76628112792969,102.95695495605469,6445.759765625,21681.900390625
2025-08-13,224.55999755859375,103.43000030517578,976.133544921875,114.60504150390625,115.4000015258789,399.6094665527344,69.25587463378906,253.93544006347656,146.17999267578125,103.00090026855469,100.34378051757812,6466.580078125,21713.140625
2025-08-14,230.97999572753906,102.86000061035156,972.6831665039062,113.52619171142578,114.62999725341797,392.8770446777344,68.17267608642578,250.68609619140625,143.41000366210938,101.91575622558594,100.20466613769531,6468.5400390625,21710.669921875
2025-08-15,231.02999877929688,103.23999786376953,969.3424682617188,111.6159439086914,113.48999786376953,391.95452880859375,68.97435760498047,249.70533752441406,145.63999938964844,100.71329498291016,99.59217834472656,6449.7998046875,21622.98046875
2025-08-18,231.49000549316406,104.95999908447266,976.6321411132812,111.15076446533203,112.05999755859375,387.36151123046875,69.02383422851562,248.5462646484375,144.61000061035156,102.60008239746094,100.28932189941406,6449.14990234375,21629.76953125
2025-08-19,228.00999450683594,104.54000091552734,978.1279907226562,111.62583923339844,112.4800033569336,399.6291198730469,69.9937744140625,253.9651641845703,147.25,103.00090026855469,100.87691497802734,6411.3701171875,21314.94921875
2025-08-20,223.80999755859375,107.33999633789062,991.8099365234375,113.6746597290039,113.3499984741211,394.2706298828125,71.09237670898438,254.73789978027344,151.05999755859375,96.4802474975586,102.15170288085938,6395.77978515625,21172.859375
2025-08-21,221.9499969482422,106.16000366210938,966.989013671875,111.33881378173828,112.58999633789062,390.3057556152344,70.68657684326172,253.26181030273438,148.41000366210938,94.8867416381836,97.56049346923828,6370.169921875,21100.310546875
2025-08-22,228.83999633789062,97.11000061035156,955.8798828125,111.24974060058594,113.31999969482422,405.1152038574219,68.8456802368164,261.266357421875,146.27999877929688,97.01793670654297,96.43510437011719,6466.91015625,21496.5390625
2025-08-25,227.94000244140625,95.31999969482422,938.967041015625,111.20024108886719,111.80000305175781,401.2974853515625,69.41973114013672,256.45172119140625,145.30999755859375,94.9551773071289,95.6781997680664,6439.31982421875,21449.2890625
2025-08-26,228.7100067138672,96.1500015258789,938.7276611328125,109.36917877197266,111.9800033569336,399.96282958984375,68.28153991699219,255.91676330566406,144.27999877929688,93.95802307128906,95.65829467773438,6465.93994140625,21544.26953125
2025-08-27,229.1199951171875,97.16999816894531,946.885009765625,110.06201171875,112.86000061035156,400.6497497558594,67.28191375732422,256.25360107421875,144.58999633789062,95.76659393310547,95.68817138671875,6481.39990234375,21590.140625
2025-08-28,231.60000610351562,96.79000091552734,942.337646484375,110.5667953491211,112.5,399.8744812011719,66.76725006103516,255.13414001464844,141.4199981689453,94.64234161376953,95.71804809570312,6501.85986328125,21705.16015625
2025-08-29,229.0,97.68000030517578,940.7021484375,107.64698791503906,109.16999816894531,399.20709228515625,67.14334869384766,255.64927673339844,140.5399932861328,93.83094024658203,96.5844955444336,6460.259765625,21455.55078125
2025-09-02,225.33999633789062,98.5999984741211,936.2147216796875,109.32958984375,111.3499984741211,398.75567626953125,67.93513488769531,256.32293701171875,138.63999938964844,90.37019348144531,97.4509506225586,6415.5400390625,21279.630859375
2025-09-03,225.99000549316406,96.2300033569336,947.144287109375,108.56746673583984,102.02999877929688,400.129638671875,67.49964141845703,258.24481201171875,138.33999633789062,90.28221130371094,99.03446960449219,6448.259765625,21497.73046875
2025-09-04,235.67999267578125,96.75,953.2472534179688,107.33026885986328,100.25,406.3278503417969,67.14334869384766,262.0984802246094,140.07000732421875,90.63414764404297,100.51838684082031,6502.080078125,21707.689453125
2025-09-05,232.3300018310547,97.0,960.8062133789062,108.16166687011719,101.12000274658203,413.4932861328125,67.05427551269531,267.4480285644531,138.8300018310547,91.08384704589844,100.10010528564453,6481.5,21700.390625
2025-09-08,235.83999633789062,98.98999786376953,969.1529541015625,107.6073989868164,99.4000015258789,414.4703674316406,67.30170440673828,270.46954345703125,139.36000061035156,89.45124816894531,101.86287689208984,6495.14990234375,21798.69921875
2025-09-09,238.24000549316406,97.52999877929688,976.532470703125,103.48007202148438,96.30000305175781,409.9302978515625,66.93550109863281,266.5168151855469,136.00999450683594,88.87445068359375,101.87284088134766,6512.60986328125,21879.490234375
2025-09-10,230.3300018310547,97.44000244140625,953.6361694335938,105.38042449951172,98.8499984741211,407.8477783203125,66.34166717529297,264.0599670410156,134.10000610351562,88.74736022949219,100.00050354003906,6532.0400390625,21886.060546875
2025-09-11,229.9499969482422,98.05000305175781,961.6438598632812,104.31147003173828,99.38999938964844,417.90509033203125,66.53961944580078,269.8553161621094,137.72000122070312,89.47078704833984,102.23136901855469,6587.47021484375,22043.0703125
2025-09-12,228.14999389648438,98.45999908447266,965.2140502929688,103.33160400390625,97.44999694824219,417.1845703125,67.58872985839844,269.2906494140625,135.97999572753906,87.94572448730469,103.06794738769531,6584.2900390625,22141.099609375
2025-09-15,231.42999267578125,99.75,957.4356079101562,103.45037841796875,97.26000213623047,417.20428466796875,66.71776580810547,269.5482177734375,128.8800048828125,86.57706451416016,103.26713562011719,6615.27978515625,22348.75
2025-09-16,234.0500030517578,99.44000244140625,949.4279174804688,103.14354705810547,95.4800033569336,415.9607238769531,66.06454467773438,267.9928894042969,125.5199966430664,87.71110534667969,102.99822998046875,6606.759765625,22333.9609375
2025-09-17,231.6199951171875,99.26000213623047,960.3574829101562,105.05379486083984,97.77999877929688,411.5686950683594,66.27237701416016,265.4468994140625,123.36000061035156,86.93878936767578,103.84475708007812,6600.35009765625,22261.330078125
2025-09-18,231.22999572753906,97.80999755859375,949.717041015625,105.80602264404297,98.26000213623047,412.04241943359375,65.31234741210938,265.0704650878906,122.75,87.41780853271484,103.17749786376953,6631.9599609375,22470.720703125
2025-09-19,231.47999572753906,96.02999877929688,948.5203857421875,101.0650405883789,95.26000213623047,410.2757263183594,64.90655517578125,262.72259521484375,120.41000366210938,86.15670013427734,101.91268157958984,6664.35986328125,22631.48046875
2025-09-22,227.6300048828125,96.43000030517578,940.6423950195312,100.81759643554688,94.4800033569336,406.6337890625,63.85743713378906,257.9575500488281,119.58999633789062,84.6218490600586,102.40067291259766,6693.75,22788.98046875
2025-09-23,220.7100067138672,96.0,940.9813842773438,102.60907745361328,94.6500015258789,405.5580139160156,64.67891693115234,257.3829345703125,119.37999725341797,85.10088348388672,102.10189819335938,6656.919921875,22573.470703125
2025-09-24,220.2100067138672,93.51000213623047,942.6467895507812,103.43058013916016,95.9000015258789,404.4328308105469,64.87686920166016,254.92608642578125,115.73999786376953,86.3326644897461,102.31105041503906,6637.97021484375,22497.859375
2025-09-25,218.14999389648438,93.83999633789062,940.6921997070312,101.79747009277344,94.02999877929688,402.1430969238281,64.8174819946289,253.14292907714844,111.36000061035156,85.1888656616211,102.62974548339844,6604.72021484375,22384.69921875
2025-09-26,219.77999877929688,93.0999984741211,913.4081420898438,101.07493591308594,95.05999755859375,404.7486877441406,64.78778839111328,254.7180633544922,109.87999725341797,85.88296508789062,102.73929595947266,6643.7001953125,22484.0703125
2025-09-29,222.1699981689453,93.81999969482422,914.3256225585938,101.88655090332031,94.20999908447266,401.5014953613281,65.7478256225586,250.9535675048828,109.44999694824219,86.84102630615234,102.65962219238281,6661.2099609375,22591.150390625
2025-09-30,219.57000732421875,93.25,923.061279296875,102.29235076904297,94.37000274658203,399.9125061035156,66.71776580810547,248.96234130859375,108.80000305175781,87.69154357910156,102.63969421386719,6688.4599609375,22660.009765625
2025-10-01,220.6300048828125,90.76000213623047,914.7943115234375,98.65990447998047,90.31999969482422,391.8489074707031,65.82701110839844,245.67337036132812,107.16000366210938,87.14408111572266,101.54418182373047,6711.2001953125,22755.16015625
2025-10-02,222.41000366210938,91.02999877929688,914.2258911132812,100.3623046875,90.23999786376953,389.8651123046875,65.67855072021484,245.01953125,105.30999755859375,87.50580596923828,101.28524017333984,6715.35009765625,22844.05078125
2025-10-03,219.50999450683594,92.69999694824219,912.8397216796875,99.18447875976562,89.9800033569336,389.9144592285156,65.6191635131836,244.04869079589844,105.93000030517578,87.03654479980469,101.65373992919922,6715.7900390625,22780.509765625
2025-10-06,220.89999389648438,90.0999984741211,908.4120483398438,97.12576293945312,87.68000030517578,384.2590637207031,64.13456726074219,239.4123992919922,101.76000213623047,86.96810913085938,102.28116607666016,6740.27978515625,22941.669921875
2025-10-07,221.77999877929688,89.93000030517578,912.2613525390625,95.96073913574219,85.04000091552734,381.77191162109375,66.19320678710938,237.64901733398438,102.83999633789062,87.27116394042969,102.81896209716797,6714.58984375,22788.359375
2025-10-08,225.22000122070312,89.1500015258789,912.2613525390625,97.7431411743164,87.83000183105469,378.791259765625,67.42047882080078,235.37051391601562,104.37999725341797,88.3563232421875,102.48035430908203,6753.72021484375,23043.380859375
2025-10-09,227.74000549316406,88.58999633789062,940.2733764648438,98.25096893310547,89.0199966430664,372.77069091796875,66.86621856689453,232.47779846191406,104.05000305175781,87.10498046875,101.3549575805664,6735.10986328125,23024.630859375
2025-10-10,216.3699951171875,90.08000183105469,927.4291381835938,98.79863739013672,87.61000061035156,370.85595703125,67.0839614868164,230.05068969726562,102.73999786376953,83.61491394042969,101.42467498779297,6552.509765625,22204.4296875
2025-10-13,220.07000732421875,92.86000061035156,932.9636840820312,101.43738555908203,92.58999633789062,374.42877197265625,66.44063568115234,232.28956604003906,106.58999633789062,85.38438415527344,101.70352935791016,6654.72021484375,22694.609375
2025-10-14,216.38999938964844,94.08000183105469,943.8833618164062,103.26956939697266,95.58000183105469,382.6700439453125,68.42009735107422,238.50099182128906,111.12999725341797,86.96810913085938,106.77277374267578,6644.31005859375,22521.69921875
2025-10-15,215.57000732421875,94.7300033569336,952.3397827148438,105.86848449707031,95.97000122070312,383.24249267578125,68.39041137695312,239.27371215820312,114.12000274658203,88.87445068359375,108.5853500366211,6671.06005859375,22670.080078125
2025-10-16,214.47000122070312,93.0,923.05126953125,103.4388427734375,94.02999877929688,382.3443603515625,68.17266845703125,240.8290557861328,111.55000305175781,88.05326080322266,106.03579711914062,6629.06982421875,22562.5390625
2025-10-17,213.0399932861328,94.19000244140625,933.7315673828125,105.29094696044922,96.44000244140625,386.79559326171875,68.28153991699219,242.41409301757812,111.77999877929688,88.80602264404297,107.29065704345703,6664.009765625,22679.970703125
2025-10-20,216.47999572753906,93.91999816894531,933.5121459960938,105.98797607421875,99.0199966430664,383.8248291015625,68.43989562988281,240.00680541992188,110.47000122070312,89.4805679321289,106.61343383789062,6735.1298828125,22990.5390625
2025-10-21,222.02999877929688,94.01000213623047,934.8983154296875,105.06192779541016,98.94999694824219,385.8086242675781,66.90581512451172,242.97877502441406,110.04000091552734,92.28631591796875,105.78681182861328,6735.35009765625,22953.669921875
2025-10-22,217.9499969482422,93.94999694824219,942.0584106445312,103.14012145996094,100.47000122070312,383.9037780761719,67.89554595947266,242.44119262695312,108.0999984741211,91.91481018066406,106.70306396484375,6699.39990234375,22740.400390625
2025-10-23,221.08999633789062,93.47000122070312,939.4357299804688,102.55261993408203,100.62000274658203,380.0151062011719,67.9549331665039,242.7796630859375,108.27999877929688,92.1396713256836,106.42420196533203,6738.43994140625,22941.80078125
2025-10-24,224.2100067138672,91.7699966430664,929.55322265625,101.55686950683594,99.05000305175781,381.6435852050781,66.42084503173828,241.62486267089844,106.25,92.14944458007812,105.73701477050781,6791.68994140625,23204.869140625
2025-10-27,226.97000122070312,93.6500015258789,927.26953125,102.33355712890625,102.58999633789062,380.251953125,67.3313980102539,242.56065368652344,106.80000305175781,95.58084869384766,104.04395294189453,6875.16015625,23637.4609375
2025-10-28,229.25,92.41999816894531,921.5953369140625,101.48716735839844,102.69999694824219,380.7257080078125,66.99488830566406,242.97879028320312,106.80000305175781,94.93562316894531,102.7492446899414,6890.89013671875,23827.490234375
2025-10-29,230.3000030517578,89.91000366210938,909.887939453125,99.48571014404297,101.33000183105469,373.11614990234375,65.36183166503906,237.42373657226562,104.55000305175781,92.01258087158203,102.04214477539062,6890.58984375,23958.470703125
2025-10-30,222.86000061035156,89.54000091552734,917.6264038085938,99.15711212158203,98.80000305175781,374.6064453125,64.75809478759766,238.74778747558594,77.25,90.83944702148438,101.8130874633789,6822.33984375,23581.140625
2025-10-31,244.22000122070312,88.26000213623047,910.20654296875,98.24102020263672,99.12000274658203,374.64593505859375,62.97658157348633,237.06533813476562,78.95999908447266,90.64392852783203,100.76737213134766,6840.2001953125,23724.9609375
2025-11-03,254.0,90.81999969482422,926.7738647460938,98.74884796142578,100.8499984741211,373.4220886230469,62.78853225708008,234.5864715576172,83.81999969482422,89.40235900878906,101.17568969726562,6851.97021484375,23834.720703125
2025-11-04,249.32000732421875,90.19000244140625,939.45654296875,99.34629821777344,102.06999969482422,378.0904541015625,63.10524368286133,236.6969757080078,83.69000244140625,87.96527862548828,101.85292053222656,6771.5498046875,23348.640625
2025-11-05,250.1999969482422,90.93000030517578,933.75439453125,100.18273162841797,104.91999816894531,368.9708251953125,62.50151062011719,233.30224609375,79.75,89.88139343261719,101.05618286132812,6796.2900390625,23499.80078125
2025-11-06,243.0399932861328,88.88999938964844,922.3200073242188,95.5325698852539,101.97000122070312,364.262939453125,62.77863693237305,230.31565856933594,77.83999633789062,87.15386199951172,101.26532745361328,6720.31982421875,23053.990234375
2025-11-07,244.41000366210938,91.41000366210938,921.4810791015625,98.79863739013672,105.73999786376953,366.2763671875,64.24343872070312,232.1175537109375,78.80000305175781,89.19705963134766,102.1716079711914,6728.7998046875,23004.5390625
2025-11-10,248.39999389648438,91.9000015258789,914.3109130859375,99.97362518310547,106.29000091552734,365.605224609375,63.77826690673828,231.98812866210938,78.98999786376953,88.698486328125,102.00231170654297,6832.43017578125,23527.169921875
2025-11-11,249.10000610351562,93.37000274658203,912.6132202148438,103.62803649902344,105.9800033569336,369.3656311035156,64.35230255126953,234.28781127929688,78.0199966430664,89.52944946289062,103.01815032958984,6846.60986328125,23468.30078125
2025-11-12,244.1999969482422,93.62000274658203,912.7530517578125,103.76744079589844,106.18000030517578,366.296142578125,64.72840881347656,233.65066528320312,82.12000274658203,90.98465728759766,103.01815032958984,6850.919921875,23406.4609375
2025-11-13,237.5800018310547,93.98999786376953,923.8179321289062,103.74752807617188,103.1500015258789,363.2760009765625,65.29254913330078,230.4351043701172,81.69000244140625,89.7076416015625,102.121826171875,6737.490234375,22870.359375
2025-11-14,234.69000244140625,94.37999725341797,921.7207641601562,103.85706329345703,104.75,357.64031982421875,66.37711334228516,226.831298828125,81.79000091552734,88.99488830566406,102.06207275390625,6734.10986328125,22900.58984375
2025-11-17,232.8699951171875,92.66000366210938,911.344970703125,102.71194458007812,103.66999816894531,353.36676025390625,65.77015686035156,223.99403381347656,82.58000183105469,87.58918762207031,102.5301513671875,6672.41015625,22708.0703125
2025-11-18,222.5500030517578,91.12999725341797,893.85888671875,102.89118194580078,101.56999969482422,332.0974426269531,67.04376983642578,218.58831787109375,81.13999938964844,87.63867950439453,100.97650909423828,6617.31982421875,22432.849609375
2025-11-19,222.69000244140625,91.30999755859375,889.3849487304688,99.22681427001953,99.94999694824219,330.1432189941406,67.07362365722656,227.3887939453125,81.80999755859375,85.21334838867188,100.19969177246094,6642.16015625,22564.23046875
2025-11-20,217.13999938964844,90.58999633789062,892.0712890625,99.86408996582031,98.55999755859375,328.05084228515625,65.57115936279297,227.40869140625,80.16000366210938,82.83750915527344,106.67318725585938,6538.759765625,22078.05078125
2025-11-21,220.69000244140625,91.61000061035156,897.7835083007812,101.26809692382812,101.81999969482422,338.8483581542969,65.73035430908203,233.24249267578125,81.83000183105469,86.73784637451172,104.8904800415039,6602.990234375,22273.080078125
2025-11-24,226.27999877929688,87.97000122070312,884.9110717773438,101.25814819335938,100.25,332.19610595703125,63.96919250488281,227.7372283935547,79.48999786376953,83.68885040283203,103.6356201171875,6705.1201171875,22872.009765625
2025-11-25,229.6699981689453,89.30999755859375,893.10986328125,103.86701965332031,105.66000366210938,346.4974060058594,65.81990814208984,237.0354766845703,80.98999786376953,85.70831298828125,106.56362915039062,6765.8798828125,23025.58984375
2025-11-26,229.16000366210938,90.7699966430664,907.0208740234375,108.30807495117188,109.75,350.840087890625,66.69551849365234,240.52976989746094,83.29000091552734,88.8958969116211,108.65506744384766,6812.60986328125,23214.689453125
2025-11-28,233.22000122070312,89.2300033569336,912.3436279296875,109.02501678466797,110.80999755859375,352.271240234375,66.94426727294922,241.3958740234375,83.80999755859375,89.7076416015625,110.05931854248047,6849.08984375,23365.689453125
2025-12-01,233.8800048828125,88.62000274658203,910.7158203125,108.87565612792969,109.88999938964844,352.6758728027344,67.21292877197266,245.2884063720703,85.86000061035156,90.440185546875,111.07514953613281,6812.6298828125,23275.919921875
2025-12-02,234.4199981689453,91.26000213623047,920.7720947265625,109.56272888183594,108.98999786376953,349.4188232421875,66.69551849365234,242.08279418945312,84.80999755859375,89.55915069580078,111.95156860351562,6829.3701171875,23413.669921875
2025-12-03,232.3800048828125,92.08999633789062,921.0017700195312,109.42332458496094,112.91999816894531,353.248291015625,65.86965942382812,245.83595275878906,85.0999984741211,90.0046157836914,113.94341278076172,6849.72021484375,23454.08984375
2025-12-04,229.11000061035156,90.98999786376953,894.6377563476562,124.75791931152344,115.87000274658203,348.83782958984375,62.824928283691406,245.0693817138672,85.25,90.6678695678711,114.37165832519531,6857.1201171875,23505.140625
2025-12-05,229.52999877929688,91.33000183105469,893.4594116210938,131.80784606933594,122.44000244140625,352.25494384765625,62.397071838378906,247.35910034179688,85.54000091552734,91.26183319091797,114.64055633544922,6870.39990234375,23578.130859375
2025-12-08,226.88999938964844,91.47000122070312,886.3092041015625,123.74224853515625,120.33000183105469,347.586181640625,63.0637321472168,243.72543334960938,83.5,92.1230697631836,113.09687042236328,6846.509765625,23545.900390625
2025-12-09,227.9199981689453,90.36000061035156,887.2279052734375,125.0068588256836,119.68000030517578,342.97698974609375,62.58612823486328,241.5850372314453,83.23999786376953,92.67743682861328,114.59075927734375,6840.509765625,23576.490234375
2025-12-10,231.77999877929688,89.61000061035156,873.217041015625,125.3553695678711,124.23999786376953,348.7980651855469,60.934410095214844,245.0992431640625,80.5,93.66736602783203,112.71842193603516,6886.68017578125,23654.150390625
2025-12-11,230.27999877929688,92.37000274658203,883.2733154296875,132.1165313720703,129.97000122070312,355.0860290527344,61.89957046508789,246.97085571289062,79.91999816894531,95.99370574951172,115.04888153076172,6901.0,23593.859375
2025-12-12,226.19000244140625,93.16000366210938,883.2633056640625,132.644287109375,129.8699951171875,357.261474609375,62.87467956542969,246.1843719482422,79.54000091552734,96.11249542236328,116.46098327636719,6827.41015625,23195.169921875
2025-12-15,222.5399932861328,91.44000244140625,859.3859252929688,132.36546325683594,131.1699981689453,354.619140625,62.34732437133789,247.667724609375,80.38999938964844,96.57776641845703,116.5508041381836,6816.509765625,23057.41015625
2025-12-16,222.55999755859375,93.61000061035156,859.2161865234375,133.9387664794922,131.14999389648438,350.3377685546875,61.79011535644531,245.3680419921875,79.2300033569336,96.68665313720703,115.18360900878906,6800.259765625,23111.4609375
2025-12-17,221.27000427246094,95.91000366210938,861.47314453125,136.38832092285156,128.35000610351562,354.3807373046875,63.4915885925293,246.8513946533203,80.94999694824219,97.60729217529297,115.42312622070312,6721.43017578125,22693.3203125
2025-12-18,226.75999450683594,94.38999938964844,856.4200439453125,136.09954833984375,126.9000015258789,352.6324157714844,62.47667694091797,246.60250854492188,80.1500015258789,98.05276489257812,114.59481811523438,6774.759765625,23006.359375
2025-12-19,227.35000610351562,94.66000366210938,854.4526977539062,136.69700622558594,127.83999633789062,342.7087707519531,62.09857177734375,239.36500549316406,81.62999725341797,97.02323913574219,114.12578582763672,6834.5,23307.619140625
2025-12-22,228.42999267578125,94.18000030517578,848.84033203125,136.9359893798828,122.48999786376953,344.0895690917969,61.97917175292969,240.98773193359375,80.25,94.24152374267578,112.369384765625,6878.490234375,23428.830078125
2025-12-23,232.13999938964844,93.56999969482422,853.623779296875,133.67987060546875,119.52999877929688,342.6789855957031,61.98912048339844,241.06735229492188,78.12000274658203,93.35059356689453,110.67286682128906,6909.7900390625,23561.83984375
2025-12-24,232.3800048828125,94.4800033569336,870.6705322265625,134.87477111816406,122.01000213623047,345.0332336425781,62.6159782409668,241.91355895996094,79.68000030517578,95.55813598632812,111.38141632080078,6932.0498046875,23613.310546875
2025-12-26,232.52000427246094,93.8499984741211,872.158447265625,137.25462341308594,123.94999694824219,347.45703125,62.93437957763672,243.39691162109375,79.5999984741211,98.54773712158203,111.51114654541016,6929.93994140625,23593.099609375
2025-12-29,232.07000732421875,91.47000122070312,866.6560668945312,136.9359893798828,123.93000030517578,345.14251708984375,62.397071838378906,242.73985290527344,80.68000030517578,97.1123275756836,112.29953002929688,6905.740234375,23474.349609375
2025-12-30,232.52999877929688,90.08999633789062,864.4690551757812,135.2432098388672,124.0199966430664,344.0498352050781,62.367225646972656,242.09274291992188,80.1500015258789,96.4490737915039,111.69078063964844,6896.240234375,23419.080078125
2025-12-31,230.82000732421875,90.02999877929688,861.16357421875,132.20616149902344,123.01000213623047,341.81475830078125,62.16822052001953,240.081787109375,79.66999816894531,96.76585388183594,111.18183135986328,6845.5,23241.990234375
2026-01-02,226.5,91.91999816894531,853.334228515625,136.2389678955078,127.69999694824219,343.5233459472656,62.64582443237305,245.78616333007812,80.63999938964844,99.4980697631836,112.52906036376953,6858.47021484375,23235.630859375
2026-01-05,233.05999755859375,93.16999816894531,874.5452270507812,138.33999633789062,128.57000732421875,341.8048095703125,61.481666564941406,243.65573120117188,79.94000244140625,101.07205200195312,112.47916412353516,6902.0498046875,23395.8203125
2026-01-06,240.92999267578125,90.87999725341797,887.886962890625,144.69000244140625,133.77999877929688,346.9703063964844,61.431915283203125,245.38796997070312,77.0,103.24990844726562,114.10581970214844,6944.81982421875,23547.169921875
2026-01-07,241.55999755859375,88.19000244140625,881.3759155273438,143.50999450683594,131.55999755859375,346.7418212890625,58.984188079833984,246.01513671875,74.7300033569336,102.62625122070312,112.48914337158203,6920.93017578125,23584.279296875
2026-01-08,246.2899932861328,90.20999908447266,914.0612182617188,144.0,131.61000061035156,357.1720886230469,59.49164581298828,255.06448364257812,77.08999633789062,105.25946807861328,112.83842468261719,6921.4599609375,23480.01953125
2026-01-09,247.3800048828125,89.94000244140625,923.6182250976562,142.74000549316406,132.3800048828125,372.1519470214844,59.21303939819336,266.01531982421875,77.19999694824219,104.4576187133789,114.2954330444336,6966.27978515625,23671.349609375
2026-01-12,246.47000122070312,91.94000244140625,941.7933959960938,148.86000061035156,137.24000549316406,372.449951171875,60.805057525634766,269.67889404296875,80.19999694824219,105.07138061523438,117.7283935546875,6977.27001953125,23733.900390625
2026-01-13,242.60000610351562,95.41000366210938,940.6448974609375,151.25,137.3699951171875,377.2180480957031,61.163265228271484,273.0238342285156,81.05999755859375,107.53630828857422,120.11349487304688,6963.740234375,23709.869140625
2026-01-14,236.64999389648438,95.93000030517578,949.6825561523438,150.9499969482422,140.2899932861328,373.4532470703125,62.148319244384766,273.7207336425781,81.41999816894531,108.7143325805664,119.79415130615234,6926.60009765625,23471.75
2026-01-15,238.17999267578125,94.91000366210938,955.4447021484375,151.72999572753906,141.2100067138672,376.6419372558594,62.17817306518555,275.7715148925781,81.51000213623047,110.01113891601562,118.95586395263672,6944.47021484375,23530.01953125
2026-01-16,239.1199951171875,93.4000015258789,962.2953491210938,148.74000549316406,139.9499969482422,377.6452331542969,62.87467956542969,276.30908203125,78.58999633789062,110.15962982177734,119.45484161376953,6940.009765625,23515.390625
2026-01-20,231.0,92.16999816894531,962.9444580078125,146.6300048828125,134.05999755859375,372.6188049316406,62.83488082885742,267.1999816894531,72.55000305175781,108.2391586303711,118.46687316894531,6796.85986328125,22954.3203125
2026-01-21,231.30999755859375,94.6500015258789,981.5191040039062,147.16000366210938,132.94000244140625,382.0855407714844,63.601036071777344,277.1099853515625,71.31999969482422,104.9723892211914,119.11553955078125,6875.6201171875,23224.8203125
2026-01-22,234.33999633789062,96.0,974.8381958007812,144.60000610351562,126.79000091552734,378.49951171875,62.33737564086914,274.95001220703125,70.55000305175781,105.4277572631836,117.58867645263672,6913.35009765625,23436.01953125
2026-01-23,239.16000366210938,97.44999694824219,981.9085693359375,146.9199981689453,128.9199981689453,381.2212829589844,63.92938995361328,276.7300109863281,71.44000244140625,107.01165008544922,117.48888397216797,6915.60986328125,23501.240234375
2026-01-26,238.4199981689453,97.62000274658203,976.336181640625,150.3300018310547,125.4000015258789,383.9629821777344,63.37218475341797,277.9100036621094,72.45999908447266,102.913330078125,117.39906311035156,6950.22998046875,23601.359375
2026-01-27,244.67999267578125,95.45999908447266,968.956298828125,147.66000366210938,121.83999633789062,377.83392333984375,61.80006790161133,273.94000244140625,70.88999938964844,103.05191802978516,116.70050048828125,6978.60009765625,23817.099609375
2026-01-28,243.00999450683594,91.58000183105469,959.46923828125,145.0399932861328,119.0999984741211,372.80755615234375,61.51151657104492,269.4200134277344,70.16000366210938,100.71568298339844,116.33125305175781,6978.02978515625,23857.44921875
2026-01-29,241.72999572753906,90.2699966430664,951.5899658203125,141.77999877929688,117.30999755859375,369.3407287597656,61.441864013671875,266.6400146484375,70.66000366210938,101.80460357666016,117.16954040527344,6969.009765625,23685.119140625
2026-01-30,239.3000030517578,92.44000244140625,940.25,143.42999267578125,117.58999633789062,372.1022644042969,62.536373138427734,267.05999755859375,70.91000366210938,104.40812683105469,118.89598846435547,6939.02978515625,23461.8203125
2026-02-02,242.9600067138672,92.30000305175781,968.3599853515625,143.50999450683594,117.22000122070312,375.60882568359375,62.745330810546875,269.05999755859375,69.58999633789062,108.42725372314453,123.80591583251953,6976.43994140625,23592.109375
2026-02-03,238.6199951171875,95.80000305175781,977.9199829101562,148.0399932861328,119.69000244140625,378.56903076171875,63.849788665771484,274.8500061035156,68.11000061035156,110.17943572998047,127.44844055175781,6917.81005859375,23255.189453125
2026-02-04,232.99000549316406,98.58000183105469,978.3499755859375,149.25,121.83000183105469,384.6285400390625,66.46666717529297,275.8500061035156,69.4800033569336,112.9809341430664,127.73784637451172,6882.72021484375,22904.580078125
2026-02-05,222.69000244140625,99.27999877929688,989.2899780273438,144.89999389648438,119.5999984741211,379.8305969238281,66.33731079101562,274.8900146484375,66.33999633789062,109.73396301269531,126.68002319335938,6798.39990234375,22540.58984375
2026-02-06,210.32000732421875,100.4000015258789,1001.1599731445312,146.64999389648438,123.83000183105469,382.5921325683594,67.16316986083984,278.3800048828125,67.31999969482422,114.38664245605469,130.9113311767578,6932.2998046875,23031.2109375
2026-02-09,208.72000122070312,100.27999877929688,997.5900268554688,147.3699951171875,123.16999816894531,378.4696960449219,69.75019836425781,276.8900146484375,65.8499984741211,114.35694122314453,128.75576782226562,6964.81982421875,23238.669921875
2026-02-10,206.9600067138672,97.79000091552734,971.22998046875,146.25,121.91999816894531,387.092041015625,67.68057250976562,284.6700134277344,65.55999755859375,112.09000396728516,126.44050598144531,6941.81005859375,23102.470703125
2026-02-11,204.0800018310547,99.5199966430664,978.1400146484375,147.16000366210938,125.0,388.0854187011719,68.31739044189453,287.0400085449219,65.66999816894531,114.61000061035156,128.5062713623047,6941.47021484375,23066.470703125
2026-02-12,199.60000610351562,100.55999755859375,998.8599853515625,148.55999755859375,128.42999267578125,387.62847900390625,69.79000091552734,285.5299987792969,67.62999725341797,112.69000244140625,133.3662872314453,6832.759765625,22597.150390625
2026-02-13,198.7899932861328,102.77999877929688,1018.47998046875,153.83999633789062,126.05999755859375,388.45294189453125,71.25,287.3900146484375,68.95999908447266,115.76000213623047,133.61578369140625,6836.169921875,22546.669921875
2026-02-17,201.14999389648438,99.44000244140625,1012.0499877929688,149.67999267578125,128.52000427246094,380.49615478515625,69.66000366210938,281.1600036621094,67.55999755859375,116.54000091552734,128.5861053466797,6843.22021484375,22578.380859375
2026-02-18,204.7899932861328,98.97000122070312,996.0800170898438,152.02000427246094,132.5399932861328,380.97296142578125,68.86000061035156,282.1300048828125,67.66999816894531,115.66000366210938,126.36067199707031,6881.31005859375,22753.630859375
2026-02-19,204.86000061035156,99.19000244140625,987.8200073242188,151.7899932861328,133.57000732421875,376.0657653808594,67.62999725341797,278.17999267578125,67.8499984741211,115.66000366210938,124.6142578125,6861.89013671875,22682.73046875
2026-02-20,210.11000061035156,96.3499984741211,985.27001953125,150.63999938964844,134.50999450683594,379.7113952636719,66.36000061035156,280.3599853515625,67.4800033569336,116.69000244140625,122.73810577392578,6909.509765625,22886.0703125
2026-02-23,205.27000427246094,98.97000122070312,986.02001953125,152.89999389648438,130.41000366210938,374.486328125,68.26000213623047,274.3599853515625,71.5,113.33999633789062,125.55233001708984,6837.75,22627.26953125
2026-02-24,208.55999755859375,98.94000244140625,998.4299926757812,153.9600067138672,131.7100067138672,381.9266052246094,69.76000213623047,278.5899963378906,73.94999694824219,115.5199966430664,126.49040985107422,6890.06982421875,22863.6796875
2026-02-25,210.63999938964844,97.05000305175781,994.760009765625,154.7899932861328,127.69999694824219,373.0757751464844,67.58999633789062,263.0199890136719,73.7300033569336,116.44000244140625,125.4924545288086,6946.1298828125,23152.080078125
2026-02-26,207.9199981689453,96.87999725341797,986.739990234375,154.0,126.94999694824219,372.59893798828125,67.18000030517578,264.3900146484375,75.73999786376953,114.79000091552734,124.16517639160156,6908.85986328125,22878.380859375
2026-02-27,210.0,98.79000091552734,1010.7899780273438,156.24000549316406,126.4800033569336,378.1915588378906,68.23999786376953,264.57000732421875,73.87000274658203,113.79000091552734,127.68794250488281,6878.8798828125,22668.2109375
2026-03-02,208.38999938964844,99.7300033569336,1002.77001953125,152.6199951171875,119.87999725341797,368.3473815917969,69.05000305175781,257.1700134277344,73.98999786376953,113.16999816894531,126.83969116210938,6881.6201171875,22748.859375
2026-03-03,208.72999572753906,100.25,1007.77001953125,153.0399932861328,118.41000366210938,364.48321533203125,68.63999938964844,257.70001220703125,77.98999786376953,120.80000305175781,127.64803314208984,6816.6298828125,22516.689453125
2026-03-04,216.82000732421875,99.9800033569336,1006.739990234375,151.60000610351562,117.8499984741211,366.6586608886719,67.98999786376953,258.6199951171875,76.44999694824219,120.08000183105469,127.54823303222656,6869.5,22807.48046875
2026-03-05,218.94000244140625,98.47000122070312,982.5700073242188,146.5500030517578,115.91000366210938,359.27801513671875,71.56999969482422,254.7100067138672,76.91000366210938,120.36000061035156,123.05744934082031,6830.7099609375,22748.990234375
2026-03-06,213.2100067138672,96.80000305175781,998.0999755859375,146.30999755859375,115.79000091552734,355.5429992675781,74.11000061035156,251.88999938964844,80.25,120.79000091552734,123.54644775390625,6740.02001953125,22387.6796875
2026-03-09,213.49000549316406,95.48999786376953,1005.2999877929688,145.52000427246094,115.8499984741211,351.2119445800781,73.37000274658203,250.22000122070312,77.79000091552734,120.13999938964844,124.08534240722656,6795.990234375,22695.94921875
2026-03-10,214.3300018310547,96.2699966430664,997.3599853515625,146.0,116.81999969482422,354.778076171875,72.23999786376953,251.11000061035156,76.27999877929688,120.73999786376953,124.8637466430664,6781.47998046875,22697.099609375
2026-03-11,212.64999389648438,93.51000213623047,992.22998046875,144.83999633789062,113.25,348.510009765625,72.19000244140625,246.8800048828125,75.3499984741211,118.77999877929688,123.2370834350586,6775.7998046875,22716.130859375
2026-03-12,209.52999877929688,98.77999877929688,1003.3200073242188,135.9499969482422,111.69999694824219,338.92999267578125,74.95999908447266,239.4499969482422,78.83999633789062,115.75,125.07331848144531,6672.6201171875,22311.98046875
2026-03-13,207.6699981689453,97.72000122070312,1008.4299926757812,131.83999633789062,107.45999908447266,339.0299987792969,75.5999984741211,237.58999633789062,82.05999755859375,117.33999633789062,126.26087188720703,6632.18994140625,22105.359375
2026-03-16,211.74000549316406,97.94999694824219,1001.739990234375,134.85000610351562,114.36000061035156,342.5799865722656,74.48999786376953,242.11000061035156,81.7300033569336,117.05000305175781,125.73196411132812,6699.3798828125,22374.1796875
2026-03-17,215.1999969482422,96.52999877929688,996.1599731445312,130.92999267578125,111.83999633789062,341.42999267578125,74.12000274658203,239.7100067138672,81.06999969482422,116.76000213623047,124.8238296508789,6716.08984375,22479.529296875
2026-03-18,209.8699951171875,94.30999755859375,979.9199829101562,126.66999816894531,107.48999786376953,330.92999267578125,73.27999877929688,231.08999633789062,84.33000183105469,115.05000305175781,121.73017883300781,6624.7001953125,22152.419921875
2026-03-19,208.75999450683594,96.69999694824219,974.780029296875,123.44999694824219,105.55999755859375,328.2099914550781,73.76000213623047,229.7100067138672,84.5199966430664,114.47000122070312,120.84199523925781,6606.490234375,22090.689453125
2026-03-20,205.3699951171875,97.04000091552734,972.3300170898438,124.5199966430664,105.91999816894531,320.75,73.19999694824219,224.6300048828125,81.80000305175781,113.26000213623047,119.0199966430664,6506.47998046875,21647.609375
2026-03-23,210.13999938964844,96.04000091552734,965.72998046875,125.11000061035156,108.2699966430664,330.8999938964844,72.69999694824219,234.25,78.9000015258789,114.93000030517578,120.72000122070312,6581.0,21946.759765625
2026-03-24,207.24000549316406,97.80000305175781,973.8200073242188,117.87999725341797,106.52999877929688,330.9100036621094,71.87999725341797,234.42999267578125,75.6500015258789,115.91999816894531,122.05000305175781,6556.3701171875,21761.890625
2026-03-25,211.7100067138672,97.80999755859375,974.8599853515625,119.55000305175781,106.63999938964844,332.510009765625,70.36000061035156,236.17999267578125,75.26000213623047,116.37000274658203,123.05999755859375,6591.89990234375,21929.8203125
2026-03-26,207.5399932861328,100.54000091552734,979.6500244140625,119.2300033569336,105.98999786376953,328.42999267578125,71.79000091552734,236.02999877929688,77.2699966430664,117.0,122.18000030517578,6477.16015625,21408.080078125
2026-03-27,199.33999633789062,99.61000061035156,983.8599853515625,117.16000366210938,107.0,321.6499938964844,73.22000122070312,230.30999755859375,77.4000015258789,119.83999633789062,122.88999938964844,6368.85009765625,20948.359375
2026-03-30,200.9499969482422,98.94999694824219,996.5800170898438,117.83999633789062,105.73999786376953,323.5,73.72000122070312,232.5800018310547,77.26000213623047,118.77999877929688,123.5,6343.72021484375,20794.640625
2026-03-31,208.27000427246094,98.41999816894531,996.4299926757812,118.7300033569336,109.51000213623047,328.8900146484375,72.36000061035156,236.27999877929688,77.12999725341797,121.19999694824219,124.27999877929688,6528.52001953125,21590.630859375
2026-04-01,210.57000732421875,94.61000061035156,996.5599975585938,117.16999816894531,108.69999694824219,329.55999755859375,70.54000091552734,235.97999572753906,75.86000061035156,120.44999694824219,124.73999786376953,6575.31982421875,21840.94921875
2026-04-02,209.77000427246094,98.05999755859375,1014.9600219726562,119.73999786376953,108.44000244140625,321.6300048828125,72.3499984741211,231.02999877929688,77.54000091552734,120.44999694824219,125.79000091552734,6582.68994140625,21879.1796875
2026-04-06,212.7899932861328,95.58999633789062,1018.5499877929688,125.01000213623047,111.08999633789062,326.6499938964844,73.02999877929688,235.1999969482422,77.43000030517578,122.20999908447266,126.79000091552734,6611.830078125,21996.337890625
